
INSERT INTO "BANGBANGGOKGOK"."LODGE_CODE" (LOD_CODE, LOD_CODE_NM) VALUES ('1', '호텔');
INSERT INTO "BANGBANGGOKGOK"."LODGE_CODE" (LOD_CODE, LOD_CODE_NM) VALUES ('2', '모텔');
INSERT INTO "BANGBANGGOKGOK"."LODGE_CODE" (LOD_CODE, LOD_CODE_NM) VALUES ('3', '펜션');
INSERT INTO "BANGBANGGOKGOK"."LODGE_CODE" (LOD_CODE, LOD_CODE_NM) VALUES ('4', '리조트');
INSERT INTO "BANGBANGGOKGOK"."LODGE_CODE" (LOD_CODE, LOD_CODE_NM) VALUES ('5', '게스트하우스');

INSERT INTO "BANGBANGGOKGOK"."LODGE" (LOD_NO, LOD_NM, LOD_CODE, LOD_ADD_CITY, LOD_ADD_PROV, LOD_ADD_DETAIL, LOD_DETAIL) VALUES ('1', '마미미니텔(mamiminitel)', '1', '충청북도', '영동군', '영동읍 계산로8길 5-7', '마미미니텔(mamiminitel)입니다. 환영합니다.');
INSERT INTO "BANGBANGGOKGOK"."LODGE" (LOD_NO, LOD_NM, LOD_CODE, LOD_ADD_CITY, LOD_ADD_PROV, LOD_ADD_DETAIL, LOD_DETAIL) VALUES ('2', '오복여관', '2', '충청북도', '영동군', '영동읍 계산로 82-1', '오복여관입니다. 환영합니다.');
INSERT INTO "BANGBANGGOKGOK"."LODGE" (LOD_NO, LOD_NM, LOD_CODE, LOD_ADD_CITY, LOD_ADD_PROV, LOD_ADD_DETAIL, LOD_DETAIL) VALUES ('3', '신영모텔', '3', '충청북도', '영동군', '영동읍 중앙로 29', '신영모텔입니다. 환영합니다.');
INSERT INTO "BANGBANGGOKGOK"."LODGE" (LOD_NO, LOD_NM, LOD_CODE, LOD_ADD_CITY, LOD_ADD_PROV, LOD_ADD_DETAIL, LOD_DETAIL) VALUES ('4', '용산여관', '4', '충청북도', '영동군', '용산면 용산로 333-1', '용산여관입니다. 환영합니다.');
INSERT INTO "BANGBANGGOKGOK"."LODGE" (LOD_NO, LOD_NM, LOD_CODE, LOD_ADD_CITY, LOD_ADD_PROV, LOD_ADD_DETAIL, LOD_DETAIL) VALUES ('5', '청수여관', '5', '충청북도', '영동군', '황간면 하옥포3길 15', '청수여관입니다. 환영합니다.');
INSERT INTO "BANGBANGGOKGOK"."LODGE" (LOD_NO, LOD_NM, LOD_CODE, LOD_ADD_CITY, LOD_ADD_PROV, LOD_ADD_DETAIL, LOD_DETAIL) VALUES ('6', '대흥모텔', '1', '충청북도', '영동군', '영동읍 중앙로1길 5', '대흥모텔입니다. 환영합니다.');
INSERT INTO "BANGBANGGOKGOK"."LODGE" (LOD_NO, LOD_NM, LOD_CODE, LOD_ADD_CITY, LOD_ADD_PROV, LOD_ADD_DETAIL, LOD_DETAIL) VALUES ('7', '영동모텔', '2', '충청북도', '영동군', '영동읍 계산로8길 5-12', '영동모텔입니다. 환영합니다.');
INSERT INTO "BANGBANGGOKGOK"."LODGE" (LOD_NO, LOD_NM, LOD_CODE, LOD_ADD_CITY, LOD_ADD_PROV, LOD_ADD_DETAIL, LOD_DETAIL) VALUES ('8', '비취파크모텔', '3', '충청북도', '영동군', '황간면 소계로 14', '비취파크모텔입니다. 환영합니다.');
INSERT INTO "BANGBANGGOKGOK"."LODGE" (LOD_NO, LOD_NM, LOD_CODE, LOD_ADD_CITY, LOD_ADD_PROV, LOD_ADD_DETAIL, LOD_DETAIL) VALUES ('9', '애플모텔', '4', '충청북도', '영동군', '영동읍 학산영동로 1199', '애플모텔입니다. 환영합니다.');
INSERT INTO "BANGBANGGOKGOK"."LODGE" (LOD_NO, LOD_NM, LOD_CODE, LOD_ADD_CITY, LOD_ADD_PROV, LOD_ADD_DETAIL, LOD_DETAIL) VALUES ('10', '에덴파크장', '5', '충청북도', '영동군', '추풍령면 작점로 28', '에덴파크장입니다. 환영합니다.');
INSERT INTO "BANGBANGGOKGOK"."LODGE" (LOD_NO, LOD_NM, LOD_CODE, LOD_ADD_CITY, LOD_ADD_PROV, LOD_ADD_DETAIL, LOD_DETAIL) VALUES ('11', '카리브모텔', '1', '충청북도', '영동군', '추풍령면 신안로 12', '카리브모텔입니다. 환영합니다.');
INSERT INTO "BANGBANGGOKGOK"."LODGE" (LOD_NO, LOD_NM, LOD_CODE, LOD_ADD_CITY, LOD_ADD_PROV, LOD_ADD_DETAIL, LOD_DETAIL) VALUES ('12', '갈기산여관', '2', '충청북도', '영동군', '학산면 갈기산로 581', '갈기산여관입니다. 환영합니다.');
INSERT INTO "BANGBANGGOKGOK"."LODGE" (LOD_NO, LOD_NM, LOD_CODE, LOD_ADD_CITY, LOD_ADD_PROV, LOD_ADD_DETAIL, LOD_DETAIL) VALUES ('13', '채봉모텔', '3', '충청북도', '영동군', '매곡면 민주지산로 3467', '채봉모텔입니다. 환영합니다.');
INSERT INTO "BANGBANGGOKGOK"."LODGE" (LOD_NO, LOD_NM, LOD_CODE, LOD_ADD_CITY, LOD_ADD_PROV, LOD_ADD_DETAIL, LOD_DETAIL) VALUES ('14', '천태산장파크', '4', '충청북도', '영동군', '양산면 천태산로 484', '천태산장파크입니다. 환영합니다.');
INSERT INTO "BANGBANGGOKGOK"."LODGE" (LOD_NO, LOD_NM, LOD_CODE, LOD_ADD_CITY, LOD_ADD_PROV, LOD_ADD_DETAIL, LOD_DETAIL) VALUES ('15', '힐탑모텔', '5', '충청북도', '영동군', '황간면 하옥포3길 26', '힐탑모텔입니다. 환영합니다.');
INSERT INTO "BANGBANGGOKGOK"."LODGE" (LOD_NO, LOD_NM, LOD_CODE, LOD_ADD_CITY, LOD_ADD_PROV, LOD_ADD_DETAIL, LOD_DETAIL) VALUES ('16', '그린파크장', '1', '충청북도', '영동군', '추풍령면 추풍령로 301', '그린파크장입니다. 환영합니다.');
INSERT INTO "BANGBANGGOKGOK"."LODGE" (LOD_NO, LOD_NM, LOD_CODE, LOD_ADD_CITY, LOD_ADD_PROV, LOD_ADD_DETAIL, LOD_DETAIL) VALUES ('17', '원명파크', '2', '충청북도', '영동군', '영동읍 영동황간로 741', '원명파크입니다. 환영합니다.');
INSERT INTO "BANGBANGGOKGOK"."LODGE" (LOD_NO, LOD_NM, LOD_CODE, LOD_ADD_CITY, LOD_ADD_PROV, LOD_ADD_DETAIL, LOD_DETAIL) VALUES ('18', '송호파크', '3', '충청북도', '영동군', '양산면 송호로 96', '송호파크입니다. 환영합니다.');
INSERT INTO "BANGBANGGOKGOK"."LODGE" (LOD_NO, LOD_NM, LOD_CODE, LOD_ADD_CITY, LOD_ADD_PROV, LOD_ADD_DETAIL, LOD_DETAIL) VALUES ('19', '아트피아', '4', '충청북도', '영동군', '용산면 용산로 272', '아트피아입니다. 환영합니다.');
INSERT INTO "BANGBANGGOKGOK"."LODGE" (LOD_NO, LOD_NM, LOD_CODE, LOD_ADD_CITY, LOD_ADD_PROV, LOD_ADD_DETAIL, LOD_DETAIL) VALUES ('20', '금수장모텔', '5', '충청북도', '영동군', '영동읍 영동황간로 388', '금수장모텔입니다. 환영합니다.');
INSERT INTO "BANGBANGGOKGOK"."LODGE" (LOD_NO, LOD_NM, LOD_CODE, LOD_ADD_CITY, LOD_ADD_PROV, LOD_ADD_DETAIL, LOD_DETAIL) VALUES ('21', '프린스파크', '1', '충청북도', '영동군', '영동읍 대학로 92', '프린스파크입니다. 환영합니다.');
INSERT INTO "BANGBANGGOKGOK"."LODGE" (LOD_NO, LOD_NM, LOD_CODE, LOD_ADD_CITY, LOD_ADD_PROV, LOD_ADD_DETAIL, LOD_DETAIL) VALUES ('22', '샵모텔', '2', '충청북도', '영동군', '영동읍 계산로1길 22-1', '샵모텔입니다. 환영합니다.');
INSERT INTO "BANGBANGGOKGOK"."LODGE" (LOD_NO, LOD_NM, LOD_CODE, LOD_ADD_CITY, LOD_ADD_PROV, LOD_ADD_DETAIL, LOD_DETAIL) VALUES ('23', '두바이모텔', '3', '충청북도', '영동군', '영동읍 계산로6길 7-1', '두바이모텔입니다. 환영합니다.');
INSERT INTO "BANGBANGGOKGOK"."LODGE" (LOD_NO, LOD_NM, LOD_CODE, LOD_ADD_CITY, LOD_ADD_PROV, LOD_ADD_DETAIL, LOD_DETAIL) VALUES ('24', '몽블랑모텔', '4', '충청북도', '영동군', '영동읍 중앙로2길 6-12', '몽블랑모텔입니다. 환영합니다.');
INSERT INTO "BANGBANGGOKGOK"."LODGE" (LOD_NO, LOD_NM, LOD_CODE, LOD_ADD_CITY, LOD_ADD_PROV, LOD_ADD_DETAIL, LOD_DETAIL) VALUES ('25', '모텔 32일', '5', '충청북도', '영동군', '영동읍 계산로 43-2', '모텔 32일입니다. 환영합니다.');
INSERT INTO "BANGBANGGOKGOK"."LODGE" (LOD_NO, LOD_NM, LOD_CODE, LOD_ADD_CITY, LOD_ADD_PROV, LOD_ADD_DETAIL, LOD_DETAIL) VALUES ('26', '스탕달 모텔', '1', '충청북도', '영동군', '영동읍 계산로1길 24', '스탕달 모텔입니다. 환영합니다.');
INSERT INTO "BANGBANGGOKGOK"."LODGE" (LOD_NO, LOD_NM, LOD_CODE, LOD_ADD_CITY, LOD_ADD_PROV, LOD_ADD_DETAIL, LOD_DETAIL) VALUES ('27', '황토방 산장', '2', '충청북도', '영동군', '상촌면 물한계곡로 464-10', '황토방 산장입니다. 환영합니다.');
INSERT INTO "BANGBANGGOKGOK"."LODGE" (LOD_NO, LOD_NM, LOD_CODE, LOD_ADD_CITY, LOD_ADD_PROV, LOD_ADD_DETAIL, LOD_DETAIL) VALUES ('28', '텐 모텔', '3', '충청북도', '영동군', '황간면 영동황간로 1452-282', '텐 모텔입니다. 환영합니다.');
INSERT INTO "BANGBANGGOKGOK"."LODGE" (LOD_NO, LOD_NM, LOD_CODE, LOD_ADD_CITY, LOD_ADD_PROV, LOD_ADD_DETAIL, LOD_DETAIL) VALUES ('29', '콜모텔', '4', '충청북도', '영동군', '황간면 영동황간로 1452-284', '콜모텔입니다. 환영합니다.');
INSERT INTO "BANGBANGGOKGOK"."LODGE" (LOD_NO, LOD_NM, LOD_CODE, LOD_ADD_CITY, LOD_ADD_PROV, LOD_ADD_DETAIL, LOD_DETAIL) VALUES ('30', '비움하우스(산애집)', '5', '충청북도', '영동군', '상촌면 둔전2길 17', '비움하우스(산애집)입니다. 환영합니다.');

INSERT INTO "BANGBANGGOKGOK"."MEMBER_CODE" (MEM_CODE, MEM_CODE_NM) VALUES ('1', '일반회원');
INSERT INTO "BANGBANGGOKGOK"."MEMBER_CODE" (MEM_CODE, MEM_CODE_NM) VALUES ('2', '숙박시설주');
INSERT INTO "BANGBANGGOKGOK"."MEMBER_CODE" (MEM_CODE, MEM_CODE_NM) VALUES ('3', '비회원');

INSERT INTO "BANGBANGGOKGOK"."MEMBER" (MEM_NO, MEM_ID, MEM_PW, MEM_NM, MEM_TEL, MEM_EMAIL, MEM_CODE, MEM_ACTIVE) VALUES ('1', 'asdf', 'asdf', '김일반', '010-1111-1111', 'one@example.com', '1', '1');
INSERT INTO "BANGBANGGOKGOK"."MEMBER" (MEM_NO, MEM_ID, MEM_PW, MEM_NM, MEM_TEL, MEM_EMAIL, MEM_CODE, MEM_ACTIVE) VALUES ('2', 'qwer', 'qwer', '이숙박', '010-2222-2222', 'two@example.com', '2', '1');
INSERT INTO "BANGBANGGOKGOK"."MEMBER" (MEM_NO, MEM_ID, MEM_PW, MEM_NM, MEM_TEL, MEM_EMAIL, MEM_CODE, MEM_ACTIVE) VALUES ('3', 'zxcv', 'zxcv', '박비회', '010-3333-3333', 'three@example.com', '3', '1');

INSERT INTO "BANGBANGGOKGOK"."ROOM_CODE" (RO_CODE, RO_CODE_NM) VALUES ('1', '싱글');
INSERT INTO "BANGBANGGOKGOK"."ROOM_CODE" (RO_CODE, RO_CODE_NM) VALUES ('2', '더블');
INSERT INTO "BANGBANGGOKGOK"."ROOM_CODE" (RO_CODE, RO_CODE_NM) VALUES ('3', '트윈');
INSERT INTO "BANGBANGGOKGOK"."ROOM_CODE" (RO_CODE, RO_CODE_NM) VALUES ('4', '트리플');


INSERT INTO "BANGBANGGOKGOK"."LODGE_BOARD" (BOD_NO, LOD_NO, BOD_CODE, MEM_NO, BOD_TITLE, BOD_CONTENT, BOD_REG_DATE, BOD_RATING, BOD_ACTIVE) VALUES ('1', '1', '1', '1', '일반게시글1', '내용1', TO_DATE('2021-08-13 00:25:25', 'YYYY-MM-DD HH24:MI:SS'), '3.5', '1');
INSERT INTO "BANGBANGGOKGOK"."LODGE_BOARD" (BOD_NO, LOD_NO, BOD_CODE, MEM_NO, BOD_TITLE, BOD_CONTENT, BOD_REG_DATE, BOD_RATING, BOD_ACTIVE) VALUES ('2', '1', '1', '1', '일반게시글2', '내용2', TO_DATE('2021-08-14 00:00:00', 'YYYY-MM-DD HH24:MI:SS'), '4.5', '1');
INSERT INTO "BANGBANGGOKGOK"."LODGE_BOARD" (BOD_NO, LOD_NO, BOD_CODE, MEM_NO, BOD_TITLE, BOD_CONTENT, BOD_REG_DATE, BOD_RATING, BOD_ACTIVE) VALUES ('3', '1', '1', '1', '일반게시글3', '내용3', TO_DATE('2021-08-15 00:00:00', 'YYYY-MM-DD HH24:MI:SS'), '4', '1');
INSERT INTO "BANGBANGGOKGOK"."LODGE_BOARD" (BOD_NO, LOD_NO, BOD_CODE, MEM_NO, BOD_TITLE, BOD_CONTENT, BOD_REG_DATE, BOD_RATING, BOD_ACTIVE) VALUES ('1', '2', '1', '1', '일반게시글1', '내용1', TO_DATE('2021-08-13 00:00:00', 'YYYY-MM-DD HH24:MI:SS'), '3.5', '1');
INSERT INTO "BANGBANGGOKGOK"."LODGE_BOARD" (BOD_NO, LOD_NO, BOD_CODE, MEM_NO, BOD_TITLE, BOD_CONTENT, BOD_REG_DATE, BOD_RATING, BOD_ACTIVE) VALUES ('2', '2', '1', '1', '일반게시글2', '내용2', TO_DATE('2021-08-14 00:00:00', 'YYYY-MM-DD HH24:MI:SS'), '4.5', '1');
INSERT INTO "BANGBANGGOKGOK"."LODGE_BOARD" (BOD_NO, LOD_NO, BOD_CODE, MEM_NO, BOD_TITLE, BOD_CONTENT, BOD_REG_DATE, BOD_RATING, BOD_ACTIVE) VALUES ('3', '2', '1', '1', '일반게시글3', '내용3', TO_DATE('2021-08-15 00:00:00', 'YYYY-MM-DD HH24:MI:SS'), '4', '1');
INSERT INTO "BANGBANGGOKGOK"."LODGE_BOARD" (BOD_NO, LOD_NO, BOD_CODE, MEM_NO, BOD_TITLE, BOD_CONTENT, BOD_REG_DATE, BOD_ACTIVE) VALUES ('1', '1', '2', '1', '공지게시글1', '내용1', TO_DATE('2021-08-13 00:00:00', 'YYYY-MM-DD HH24:MI:SS'), '1');
INSERT INTO "BANGBANGGOKGOK"."LODGE_BOARD" (BOD_NO, LOD_NO, BOD_CODE, MEM_NO, BOD_TITLE, BOD_CONTENT, BOD_REG_DATE, BOD_ACTIVE) VALUES ('2', '1', '2', '1', '공지게시글2', '내용2', TO_DATE('2021-08-14 00:00:00', 'YYYY-MM-DD HH24:MI:SS'), '1');
INSERT INTO "BANGBANGGOKGOK"."LODGE_BOARD" (BOD_NO, LOD_NO, BOD_CODE, MEM_NO, BOD_TITLE, BOD_CONTENT, BOD_REG_DATE, BOD_ACTIVE) VALUES ('3', '1', '2', '1', '공지게시글3', '내용3', TO_DATE('2021-08-15 00:00:00', 'YYYY-MM-DD HH24:MI:SS'), '1');
INSERT INTO "BANGBANGGOKGOK"."LODGE_BOARD" (BOD_NO, LOD_NO, BOD_CODE, MEM_NO, BOD_TITLE, BOD_CONTENT, BOD_REG_DATE, BOD_ACTIVE) VALUES ('1', '2', '2', '1', '공지게시글1', '내용1', TO_DATE('2021-08-13 00:00:00', 'YYYY-MM-DD HH24:MI:SS'), '1');
INSERT INTO "BANGBANGGOKGOK"."LODGE_BOARD" (BOD_NO, LOD_NO, BOD_CODE, MEM_NO, BOD_TITLE, BOD_CONTENT, BOD_REG_DATE, BOD_ACTIVE) VALUES ('2', '2', '2', '1', '공지게시글2', '내용2', TO_DATE('2021-08-14 00:00:00', 'YYYY-MM-DD HH24:MI:SS'), '1');
INSERT INTO "BANGBANGGOKGOK"."LODGE_BOARD" (BOD_NO, LOD_NO, BOD_CODE, MEM_NO, BOD_TITLE, BOD_CONTENT, BOD_REG_DATE, BOD_ACTIVE) VALUES ('3', '2', '2', '1', '공지게시글3', '내용3', TO_DATE('2021-08-15 00:00:00', 'YYYY-MM-DD HH24:MI:SS'), '1');

INSERT INTO "BANGBANGGOKGOK"."OWNERSHIP" (MEM_NO, LOD_NO) VALUES ('2', '1');
INSERT INTO "BANGBANGGOKGOK"."OWNERSHIP" (MEM_NO, LOD_NO) VALUES ('2', '2');

INSERT INTO "BANGBANGGOKGOK"."ROOM" (RO_NO, LOD_NO, RO_ACTIVE, RO_MIN_CAP, RO_MAX_CAP, RO_N_PRICE, RO_A_PRICE, RO_CODE, RO_CIN, RO_COUT, RO_DETAIL) VALUES ('101', '1', '1', '1', '2', '50000', '40000', '2', '17:00', '11:00', '101호실');
INSERT INTO "BANGBANGGOKGOK"."ROOM" (RO_NO, LOD_NO, RO_ACTIVE, RO_MIN_CAP, RO_MAX_CAP, RO_N_PRICE, RO_A_PRICE, RO_CODE, RO_CIN, RO_COUT, RO_DETAIL) VALUES ('102', '1', '1', '3', '6', '80000', '60000', '4', '17:00', '11:00', '102호실');
INSERT INTO "BANGBANGGOKGOK"."ROOM" (RO_NO, LOD_NO, RO_ACTIVE, RO_MIN_CAP, RO_MAX_CAP, RO_N_PRICE, RO_A_PRICE, RO_CODE, RO_CIN, RO_COUT, RO_DETAIL) VALUES ('201', '2', '1', '1', '2', '60000', '40000', '2', '17:00', '11:00', '201호실');
INSERT INTO "BANGBANGGOKGOK"."ROOM" (RO_NO, LOD_NO, RO_ACTIVE, RO_MIN_CAP, RO_MAX_CAP, RO_N_PRICE, RO_A_PRICE, RO_CODE, RO_CIN, RO_COUT, RO_DETAIL) VALUES ('202', '2', '1', '3', '6', '100000', '80000', '4', '17:00', '11:00', '202호실');
